index,STATION,STATION_NAME,ELEVATION,LATITUDE,LONGITUDE,DATE,DLY-TMIN-NORMAL,DLY-TMAX-NORMAL,MTD-PRCP-NORMAL,Month
0,GHCND:USC00327027,PETERSBURG 2 N ND US,466.3,48.0355,-98.01,20100101,-33,145,2,01-Jan
1,GHCND:USC00327027,PETERSBURG 2 N ND US,466.3,48.0355,-98.01,20100102,-35,144,4,01-Jan
2,GHCND:USC00327027,PETERSBURG 2 N ND US,466.3,48.0355,-98.01,20100103,-36,143,5,01-Jan
3,GHCND:USC00327027,PETERSBURG 2 N ND US,466.3,48.0355,-98.01,20100104,-38,142,7,01-Jan
4,GHCND:USC00327027,PETERSBURG 2 N ND US,466.3,48.0355,-98.01,20100105,-39,141,9,01-Jan
5,GHCND:USC00327027,PETERSBURG 2 N ND US,466.3,48.0355,-98.01,20100106,-41,140,10,01-Jan
6,GHCND:USC00327027,PETERSBURG 2 N ND US,466.3,48.0355,-98.01,20100107,-42,140,12,01-Jan
7,GHCND:USC00327027,PETERSBURG 2 N ND US,466.3,48.0355,-98.01,20100108,-43,139,13,01-Jan
8,GHCND:USC00327027,PETERSBURG 2 N ND US,466.3,48.0355,-98.01,20100109,-44,139,15,01-Jan
9,GHCND:USC00327027,PETERSBURG 2 N ND US,466.3,48.0355,-98.01,20100110,-45,139,17,01-Jan
10,GHCND:USC00327027,PETERSBURG 2 N ND US,466.3,48.0355,-98.01,20100111,-45,138,19,01-Jan
11,GHCND:USC00327027,PETERSBURG 2 N ND US,466.3,48.0355,-98.01,20100112,-46,139,21,01-Jan
12,GHCND:USC00327027,PETERSBURG 2 N ND US,466.3,48.0355,-98.01,20100113,-47,139,23,01-Jan
13,GHCND:USC00327027,PETERSBURG 2 N ND US,466.3,48.0355,-98.01,20100114,-47,139,25,01-Jan
14,GHCND:USC00327027,PETERSBURG 2 N ND US,466.3,48.0355,-98.01,20100115,-47,140,27,01-Jan
15,GHCND:USC00327027,PETERSBURG 2 N ND US,466.3,48.0355,-98.01,20100116,-47,140,30,01-Jan
16,GHCND:USC00327027,PETERSBURG 2 N ND US,466.3,48.0355,-98.01,20100117,-48,141,32,01-Jan
17,GHCND:USC00327027,PETERSBURG 2 N ND US,466.3,48.0355,-98.01,20100118,-48,142,34,01-Jan
18,GHCND:USC00327027,PETERSBURG 2 N ND US,466.3,48.0355,-98.01,20100119,-47,143,35,01-Jan
19,GHCND:USC00327027,PETERSBURG 2 N ND US,466.3,48.0355,-98.01,20100120,-47,144,37,01-Jan
20,GHCND:USC00327027,PETERSBURG 2 N ND US,466.3,48.0355,-98.01,20100121,-47,145,39,01-Jan
21,GHCND:USC00327027,PETERSBURG 2 N ND US,466.3,48.0355,-98.01,20100122,-46,146,41,01-Jan
22,GHCND:USC00327027,PETERSBURG 2 N ND US,466.3,48.0355,-98.01,20100123,-46,148,43,01-Jan
23,GHCND:USC00327027,PETERSBURG 2 N ND US,466.3,48.0355,-98.01,20100124,-45,149,44,01-Jan
24,GHCND:USC00327027,PETERSBURG 2 N ND US,466.3,48.0355,-98.01,20100125,-44,151,46,01-Jan
25,GHCND:USC00327027,PETERSBURG 2 N ND US,466.3,48.0355,-98.01,20100126,-43,152,47,01-Jan
26,GHCND:USC00327027,PETERSBURG 2 N ND US,466.3,48.0355,-98.01,20100127,-42,154,49,01-Jan
27,GHCND:USC00327027,PETERSBURG 2 N ND US,466.3,48.0355,-98.01,20100128,-41,156,50,01-Jan
28,GHCND:USC00327027,PETERSBURG 2 N ND US,466.3,48.0355,-98.01,20100129,-40,158,52,01-Jan
29,GHCND:USC00327027,PETERSBURG 2 N ND US,466.3,48.0355,-98.01,20100130,-38,160,54,01-Jan
30,GHCND:USC00327027,PETERSBURG 2 N ND US,466.3,48.0355,-98.01,20100131,-37,162,55,01-Jan
31,GHCND:USC00327027,PETERSBURG 2 N ND US,466.3,48.0355,-98.01,20100201,-35,164,1,02-Feb
32,GHCND:USC00327027,PETERSBURG 2 N ND US,466.3,48.0355,-98.01,20100202,-33,166,3,02-Feb
33,GHCND:USC00327027,PETERSBURG 2 N ND US,466.3,48.0355,-98.01,20100203,-31,169,4,02-Feb
34,GHCND:USC00327027,PETERSBURG 2 N ND US,466.3,48.0355,-98.01,20100204,-29,171,6,02-Feb
35,GHCND:USC00327027,PETERSBURG 2 N ND US,466.3,48.0355,-98.01,20100205,-27,173,7,02-Feb
36,GHCND:USC00327027,PETERSBURG 2 N ND US,466.3,48.0355,-98.01,20100206,-25,176,8,02-Feb
37,GHCND:USC00327027,PETERSBURG 2 N ND US,466.3,48.0355,-98.01,20100207,-22,178,10,02-Feb
38,GHCND:USC00327027,PETERSBURG 2 N ND US,466.3,48.0355,-98.01,20100208,-20,181,11,02-Feb
39,GHCND:USC00327027,PETERSBURG 2 N ND US,466.3,48.0355,-98.01,20100209,-17,183,12,02-Feb
40,GHCND:USC00327027,PETERSBURG 2 N ND US,466.3,48.0355,-98.01,20100210,-14,186,13,02-Feb
41,GHCND:USC00327027,PETERSBURG 2 N ND US,466.3,48.0355,-98.01,20100211,-11,188,15,02-Feb
42,GHCND:USC00327027,PETERSBURG 2 N ND US,466.3,48.0355,-98.01,20100212,-8,191,16,02-Feb
43,GHCND:USC00327027,PETERSBURG 2 N ND US,466.3,48.0355,-98.01,20100213,-5,194,18,02-Feb
44,GHCND:USC00327027,PETERSBURG 2 N ND US,466.3,48.0355,-98.01,20100214,-1,196,19,02-Feb
45,GHCND:USC00327027,PETERSBURG 2 N ND US,466.3,48.0355,-98.01,20100215,2,199,21,02-Feb
46,GHCND:USC00327027,PETERSBURG 2 N ND US,466.3,48.0355,-98.01,20100216,6,202,22,02-Feb
47,GHCND:USC00327027,PETERSBURG 2 N ND US,466.3,48.0355,-98.01,20100217,9,205,24,02-Feb
48,GHCND:USC00327027,PETERSBURG 2 N ND US,466.3,48.0355,-98.01,20100218,13,207,25,02-Feb
49,GHCND:USC00327027,PETERSBURG 2 N ND US,466.3,48.0355,-98.01,20100219,17,210,27,02-Feb
50,GHCND:USC00327027,PETERSBURG 2 N ND US,466.3,48.0355,-98.01,20100220,21,213,29,02-Feb
51,GHCND:USC00327027,PETERSBURG 2 N ND US,466.3,48.0355,-98.01,20100221,25,216,31,02-Feb
52,GHCND:USC00327027,PETERSBURG 2 N ND US,466.3,48.0355,-98.01,20100222,29,219,32,02-Feb
53,GHCND:USC00327027,PETERSBURG 2 N ND US,466.3,48.0355,-98.01,20100223,33,223,34,02-Feb
54,GHCND:USC00327027,PETERSBURG 2 N ND US,466.3,48.0355,-98.01,20100224,38,226,36,02-Feb
55,GHCND:USC00327027,PETERSBURG 2 N ND US,466.3,48.0355,-98.01,20100225,42,229,38,02-Feb
56,GHCND:USC00327027,PETERSBURG 2 N ND US,466.3,48.0355,-98.01,20100226,47,232,40,02-Feb
57,GHCND:USC00327027,PETERSBURG 2 N ND US,466.3,48.0355,-98.01,20100227,52,236,42,02-Feb
58,GHCND:USC00327027,PETERSBURG 2 N ND US,466.3,48.0355,-98.01,20100228,56,239,44,02-Feb
59,GHCND:USC00327027,PETERSBURG 2 N ND US,466.3,48.0355,-98.01,20100301,61,243,2,03-Mar
60,GHCND:USC00327027,PETERSBURG 2 N ND US,466.3,48.0355,-98.01,20100302,66,247,4,03-Mar
61,GHCND:USC00327027,PETERSBURG 2 N ND US,466.3,48.0355,-98.01,20100303,71,251,7,03-Mar
62,GHCND:USC00327027,PETERSBURG 2 N ND US,466.3,48.0355,-98.01,20100304,76,254,9,03-Mar
63,GHCND:USC00327027,PETERSBURG 2 N ND US,466.3,48.0355,-98.01,20100305,81,259,11,03-Mar
64,GHCND:USC00327027,PETERSBURG 2 N ND US,466.3,48.0355,-98.01,20100306,86,263,13,03-Mar
65,GHCND:USC00327027,PETERSBURG 2 N ND US,466.3,48.0355,-98.01,20100307,91,267,15,03-Mar
66,GHCND:USC00327027,PETERSBURG 2 N ND US,466.3,48.0355,-98.01,20100308,97,272,18,03-Mar
67,GHCND:USC00327027,PETERSBURG 2 N ND US,466.3,48.0355,-98.01,20100309,102,276,20,03-Mar
68,GHCND:USC00327027,PETERSBURG 2 N ND US,466.3,48.0355,-98.01,20100310,107,281,22,03-Mar
69,GHCND:USC00327027,PETERSBURG 2 N ND US,466.3,48.0355,-98.01,20100311,112,286,24,03-Mar
70,GHCND:USC00327027,PETERSBURG 2 N ND US,466.3,48.0355,-98.01,20100312,118,291,26,03-Mar
71,GHCND:USC00327027,PETERSBURG 2 N ND US,466.3,48.0355,-98.01,20100313,123,296,28,03-Mar
72,GHCND:USC00327027,PETERSBURG 2 N ND US,466.3,48.0355,-98.01,20100314,129,301,30,03-Mar
73,GHCND:USC00327027,PETERSBURG 2 N ND US,466.3,48.0355,-98.01,20100315,134,307,32,03-Mar
74,GHCND:USC00327027,PETERSBURG 2 N ND US,466.3,48.0355,-98.01,20100316,140,313,35,03-Mar
75,GHCND:USC00327027,PETERSBURG 2 N ND US,466.3,48.0355,-98.01,20100317,145,318,37,03-Mar
76,GHCND:USC00327027,PETERSBURG 2 N ND US,466.3,48.0355,-98.01,20100318,151,324,39,03-Mar
77,GHCND:USC00327027,PETERSBURG 2 N ND US,466.3,48.0355,-98.01,20100319,156,330,42,03-Mar
78,GHCND:USC00327027,PETERSBURG 2 N ND US,466.3,48.0355,-98.01,20100320,161,336,45,03-Mar
79,GHCND:USC00327027,PETERSBURG 2 N ND US,466.3,48.0355,-98.01,20100321,167,343,47,03-Mar
80,GHCND:USC00327027,PETERSBURG 2 N ND US,466.3,48.0355,-98.01,20100322,172,349,50,03-Mar
81,GHCND:USC00327027,PETERSBURG 2 N ND US,466.3,48.0355,-98.01,20100323,178,356,52,03-Mar
82,GHCND:USC00327027,PETERSBURG 2 N ND US,466.3,48.0355,-98.01,20100324,183,363,55,03-Mar
83,GHCND:USC00327027,PETERSBURG 2 N ND US,466.3,48.0355,-98.01,20100325,189,369,57,03-Mar
84,GHCND:USC00327027,PETERSBURG 2 N ND US,466.3,48.0355,-98.01,20100326,194,376,60,03-Mar
85,GHCND:USC00327027,PETERSBURG 2 N ND US,466.3,48.0355,-98.01,20100327,199,383,62,03-Mar
86,GHCND:USC00327027,PETERSBURG 2 N ND US,466.3,48.0355,-98.01,20100328,205,390,64,03-Mar
87,GHCND:USC00327027,PETERSBURG 2 N ND US,466.3,48.0355,-98.01,20100329,210,397,67,03-Mar
88,GHCND:USC00327027,PETERSBURG 2 N ND US,466.3,48.0355,-98.01,20100330,215,405,69,03-Mar
89,GHCND:USC00327027,PETERSBURG 2 N ND US,466.3,48.0355,-98.01,20100331,221,412,72,03-Mar
90,GHCND:USC00327027,PETERSBURG 2 N ND US,466.3,48.0355,-98.01,20100401,226,419,2,04-Apr
91,GHCND:USC00327027,PETERSBURG 2 N ND US,466.3,48.0355,-98.01,20100402,231,426,5,04-Apr
92,GHCND:USC00327027,PETERSBURG 2 N ND US,466.3,48.0355,-98.01,20100403,236,434,7,04-Apr
93,GHCND:USC00327027,PETERSBURG 2 N ND US,466.3,48.0355,-98.01,20100404,241,441,10,04-Apr
94,GHCND:USC00327027,PETERSBURG 2 N ND US,466.3,48.0355,-98.01,20100405,246,448,12,04-Apr
95,GHCND:USC00327027,PETERSBURG 2 N ND US,466.3,48.0355,-98.01,20100406,251,456,15,04-Apr
96,GHCND:USC00327027,PETERSBURG 2 N ND US,466.3,48.0355,-98.01,20100407,256,463,18,04-Apr
97,GHCND:USC00327027,PETERSBURG 2 N ND US,466.3,48.0355,-98.01,20100408,261,470,20,04-Apr
98,GHCND:USC00327027,PETERSBURG 2 N ND US,466.3,48.0355,-98.01,20100409,266,477,23,04-Apr
99,GHCND:USC00327027,PETERSBURG 2 N ND US,466.3,48.0355,-98.01,20100410,270,484,25,04-Apr
100,GHCND:USC00327027,PETERSBURG 2 N ND US,466.3,48.0355,-98.01,20100411,275,491,28,04-Apr
101,GHCND:USC00327027,PETERSBURG 2 N ND US,466.3,48.0355,-98.01,20100412,280,498,30,04-Apr
102,GHCND:USC00327027,PETERSBURG 2 N ND US,466.3,48.0355,-98.01,20100413,284,505,33,04-Apr
103,GHCND:USC00327027,PETERSBURG 2 N ND US,466.3,48.0355,-98.01,20100414,289,512,36,04-Apr
104,GHCND:USC00327027,PETERSBURG 2 N ND US,466.3,48.0355,-98.01,20100415,294,518,38,04-Apr
105,GHCND:USC00327027,PETERSBURG 2 N ND US,466.3,48.0355,-98.01,20100416,298,525,41,04-Apr
106,GHCND:USC00327027,PETERSBURG 2 N ND US,466.3,48.0355,-98.01,20100417,302,531,44,04-Apr
107,GHCND:USC00327027,PETERSBURG 2 N ND US,466.3,48.0355,-98.01,20100418,307,537,47,04-Apr
108,GHCND:USC00327027,PETERSBURG 2 N ND US,466.3,48.0355,-98.01,20100419,311,543,50,04-Apr
109,GHCND:USC00327027,PETERSBURG 2 N ND US,466.3,48.0355,-98.01,20100420,315,549,53,04-Apr
110,GHCND:USC00327027,PETERSBURG 2 N ND US,466.3,48.0355,-98.01,20100421,320,555,56,04-Apr
111,GHCND:USC00327027,PETERSBURG 2 N ND US,466.3,48.0355,-98.01,20100422,324,560,60,04-Apr
112,GHCND:USC00327027,PETERSBURG 2 N ND US,466.3,48.0355,-98.01,20100423,328,566,64,04-Apr
113,GHCND:USC00327027,PETERSBURG 2 N ND US,466.3,48.0355,-98.01,20100424,332,571,68,04-Apr
114,GHCND:USC00327027,PETERSBURG 2 N ND US,466.3,48.0355,-98.01,20100425,336,576,73,04-Apr
115,GHCND:USC00327027,PETERSBURG 2 N ND US,466.3,48.0355,-98.01,20100426,340,581,77,04-Apr
116,GHCND:USC00327027,PETERSBURG 2 N ND US,466.3,48.0355,-98.01,20100427,344,586,82,04-Apr
117,GHCND:USC00327027,PETERSBURG 2 N ND US,466.3,48.0355,-98.01,20100428,348,591,88,04-Apr
118,GHCND:USC00327027,PETERSBURG 2 N ND US,466.3,48.0355,-98.01,20100429,352,596,93,04-Apr
119,GHCND:USC00327027,PETERSBURG 2 N ND US,466.3,48.0355,-98.01,20100430,356,600,98,04-Apr
120,GHCND:USC00327027,PETERSBURG 2 N ND US,466.3,48.0355,-98.01,20100501,360,604,6,05-May
121,GHCND:USC00327027,PETERSBURG 2 N ND US,466.3,48.0355,-98.01,20100502,364,609,12,05-May
122,GHCND:USC00327027,PETERSBURG 2 N ND US,466.3,48.0355,-98.01,20100503,368,613,18,05-May
123,GHCND:USC00327027,PETERSBURG 2 N ND US,466.3,48.0355,-98.01,20100504,371,617,24,05-May
124,GHCND:USC00327027,PETERSBURG 2 N ND US,466.3,48.0355,-98.01,20100505,375,620,30,05-May
125,GHCND:USC00327027,PETERSBURG 2 N ND US,466.3,48.0355,-98.01,20100506,379,624,37,05-May
126,GHCND:USC00327027,PETERSBURG 2 N ND US,466.3,48.0355,-98.01,20100507,383,628,44,05-May
127,GHCND:USC00327027,PETERSBURG 2 N ND US,466.3,48.0355,-98.01,20100508,387,631,51,05-May
128,GHCND:USC00327027,PETERSBURG 2 N ND US,466.3,48.0355,-98.01,20100509,391,635,58,05-May
129,GHCND:USC00327027,PETERSBURG 2 N ND US,466.3,48.0355,-98.01,20100510,394,638,66,05-May
130,GHCND:USC00327027,PETERSBURG 2 N ND US,466.3,48.0355,-98.01,20100511,398,642,74,05-May
131,GHCND:USC00327027,PETERSBURG 2 N ND US,466.3,48.0355,-98.01,20100512,402,645,82,05-May
132,GHCND:USC00327027,PETERSBURG 2 N ND US,466.3,48.0355,-98.01,20100513,406,648,90,05-May
133,GHCND:USC00327027,PETERSBURG 2 N ND US,466.3,48.0355,-98.01,20100514,409,651,98,05-May
134,GHCND:USC00327027,PETERSBURG 2 N ND US,466.3,48.0355,-98.01,20100515,413,654,105,05-May
135,GHCND:USC00327027,PETERSBURG 2 N ND US,466.3,48.0355,-98.01,20100516,417,657,113,05-May
136,GHCND:USC00327027,PETERSBURG 2 N ND US,466.3,48.0355,-98.01,20100517,421,660,122,05-May
137,GHCND:USC00327027,PETERSBURG 2 N ND US,466.3,48.0355,-98.01,20100518,425,663,131,05-May
138,GHCND:USC00327027,PETERSBURG 2 N ND US,466.3,48.0355,-98.01,20100519,428,666,139,05-May
139,GHCND:USC00327027,PETERSBURG 2 N ND US,466.3,48.0355,-98.01,20100520,432,669,148,05-May
140,GHCND:USC00327027,PETERSBURG 2 N ND US,466.3,48.0355,-98.01,20100521,436,672,156,05-May
141,GHCND:USC00327027,PETERSBURG 2 N ND US,466.3,48.0355,-98.01,20100522,440,675,165,05-May
142,GHCND:USC00327027,PETERSBURG 2 N ND US,466.3,48.0355,-98.01,20100523,444,678,173,05-May
143,GHCND:USC00327027,PETERSBURG 2 N ND US,466.3,48.0355,-98.01,20100524,447,681,182,05-May
144,GHCND:USC00327027,PETERSBURG 2 N ND US,466.3,48.0355,-98.01,20100525,451,684,191,05-May
145,GHCND:USC00327027,PETERSBURG 2 N ND US,466.3,48.0355,-98.01,20100526,455,687,200,05-May
146,GHCND:USC00327027,PETERSBURG 2 N ND US,466.3,48.0355,-98.01,20100527,459,690,209,05-May
147,GHCND:USC00327027,PETERSBURG 2 N ND US,466.3,48.0355,-98.01,20100528,462,693,218,05-May
148,GHCND:USC00327027,PETERSBURG 2 N ND US,466.3,48.0355,-98.01,20100529,466,696,228,05-May
149,GHCND:USC00327027,PETERSBURG 2 N ND US,466.3,48.0355,-98.01,20100530,470,699,238,05-May
150,GHCND:USC00327027,PETERSBURG 2 N ND US,466.3,48.0355,-98.01,20100531,473,702,249,05-May
151,GHCND:USC00327027,PETERSBURG 2 N ND US,466.3,48.0355,-98.01,20100601,477,705,11,06-Jun
152,GHCND:USC00327027,PETERSBURG 2 N ND US,466.3,48.0355,-98.01,20100602,481,708,22,06-Jun
153,GHCND:USC00327027,PETERSBURG 2 N ND US,466.3,48.0355,-98.01,20100603,484,711,33,06-Jun
154,GHCND:USC00327027,PETERSBURG 2 N ND US,466.3,48.0355,-98.01,20100604,488,714,45,06-Jun
155,GHCND:USC00327027,PETERSBURG 2 N ND US,466.3,48.0355,-98.01,20100605,491,717,56,06-Jun
156,GHCND:USC00327027,PETERSBURG 2 N ND US,466.3,48.0355,-98.01,20100606,495,719,67,06-Jun
157,GHCND:USC00327027,PETERSBURG 2 N ND US,466.3,48.0355,-98.01,20100607,498,722,79,06-Jun
158,GHCND:USC00327027,PETERSBURG 2 N ND US,466.3,48.0355,-98.01,20100608,501,725,90,06-Jun
159,GHCND:USC00327027,PETERSBURG 2 N ND US,466.3,48.0355,-98.01,20100609,505,728,102,06-Jun
160,GHCND:USC00327027,PETERSBURG 2 N ND US,466.3,48.0355,-98.01,20100610,508,731,114,06-Jun
161,GHCND:USC00327027,PETERSBURG 2 N ND US,466.3,48.0355,-98.01,20100611,511,733,126,06-Jun
162,GHCND:USC00327027,PETERSBURG 2 N ND US,466.3,48.0355,-98.01,20100612,514,736,138,06-Jun
163,GHCND:USC00327027,PETERSBURG 2 N ND US,466.3,48.0355,-98.01,20100613,517,739,151,06-Jun
164,GHCND:USC00327027,PETERSBURG 2 N ND US,466.3,48.0355,-98.01,20100614,520,741,165,06-Jun
165,GHCND:USC00327027,PETERSBURG 2 N ND US,466.3,48.0355,-98.01,20100615,523,744,177,06-Jun
166,GHCND:USC00327027,PETERSBURG 2 N ND US,466.3,48.0355,-98.01,20100616,525,746,190,06-Jun
167,GHCND:USC00327027,PETERSBURG 2 N ND US,466.3,48.0355,-98.01,20100617,528,749,204,06-Jun
168,GHCND:USC00327027,PETERSBURG 2 N ND US,466.3,48.0355,-98.01,20100618,531,751,217,06-Jun
169,GHCND:USC00327027,PETERSBURG 2 N ND US,466.3,48.0355,-98.01,20100619,533,753,231,06-Jun
170,GHCND:USC00327027,PETERSBURG 2 N ND US,466.3,48.0355,-98.01,20100620,536,756,244,06-Jun
171,GHCND:USC00327027,PETERSBURG 2 N ND US,466.3,48.0355,-98.01,20100621,538,758,258,06-Jun
172,GHCND:USC00327027,PETERSBURG 2 N ND US,466.3,48.0355,-98.01,20100622,540,760,271,06-Jun
173,GHCND:USC00327027,PETERSBURG 2 N ND US,466.3,48.0355,-98.01,20100623,542,762,284,06-Jun
174,GHCND:USC00327027,PETERSBURG 2 N ND US,466.3,48.0355,-98.01,20100624,544,764,298,06-Jun
175,GHCND:USC00327027,PETERSBURG 2 N ND US,466.3,48.0355,-98.01,20100625,546,766,311,06-Jun
176,GHCND:USC00327027,PETERSBURG 2 N ND US,466.3,48.0355,-98.01,20100626,548,768,324,06-Jun
177,GHCND:USC00327027,PETERSBURG 2 N ND US,466.3,48.0355,-98.01,20100627,549,769,338,06-Jun
178,GHCND:USC00327027,PETERSBURG 2 N ND US,466.3,48.0355,-98.01,20100628,551,771,351,06-Jun
179,GHCND:USC00327027,PETERSBURG 2 N ND US,466.3,48.0355,-98.01,20100629,553,773,363,06-Jun
180,GHCND:USC00327027,PETERSBURG 2 N ND US,466.3,48.0355,-98.01,20100630,554,774,376,06-Jun
181,GHCND:USC00327027,PETERSBURG 2 N ND US,466.3,48.0355,-98.01,20100701,555,776,12,07-Jul
182,GHCND:USC00327027,PETERSBURG 2 N ND US,466.3,48.0355,-98.01,20100702,557,778,24,07-Jul
183,GHCND:USC00327027,PETERSBURG 2 N ND US,466.3,48.0355,-98.01,20100703,558,779,37,07-Jul
184,GHCND:USC00327027,PETERSBURG 2 N ND US,466.3,48.0355,-98.01,20100704,559,780,49,07-Jul
185,GHCND:USC00327027,PETERSBURG 2 N ND US,466.3,48.0355,-98.01,20100705,560,782,61,07-Jul
186,GHCND:USC00327027,PETERSBURG 2 N ND US,466.3,48.0355,-98.01,20100706,561,783,73,07-Jul
187,GHCND:USC00327027,PETERSBURG 2 N ND US,466.3,48.0355,-98.01,20100707,562,784,85,07-Jul
188,GHCND:USC00327027,PETERSBURG 2 N ND US,466.3,48.0355,-98.01,20100708,562,786,97,07-Jul
189,GHCND:USC00327027,PETERSBURG 2 N ND US,466.3,48.0355,-98.01,20100709,563,787,109,07-Jul
190,GHCND:USC00327027,PETERSBURG 2 N ND US,466.3,48.0355,-98.01,20100710,564,788,121,07-Jul
191,GHCND:USC00327027,PETERSBURG 2 N ND US,466.3,48.0355,-98.01,20100711,564,789,131,07-Jul
192,GHCND:USC00327027,PETERSBURG 2 N ND US,466.3,48.0355,-98.01,20100712,565,790,142,07-Jul
193,GHCND:USC00327027,PETERSBURG 2 N ND US,466.3,48.0355,-98.01,20100713,565,791,153,07-Jul
194,GHCND:USC00327027,PETERSBURG 2 N ND US,466.3,48.0355,-98.01,20100714,566,792,163,07-Jul
195,GHCND:USC00327027,PETERSBURG 2 N ND US,466.3,48.0355,-98.01,20100715,566,793,174,07-Jul
196,GHCND:USC00327027,PETERSBURG 2 N ND US,466.3,48.0355,-98.01,20100716,566,794,184,07-Jul
197,GHCND:USC00327027,PETERSBURG 2 N ND US,466.3,48.0355,-98.01,20100717,566,795,194,07-Jul
198,GHCND:USC00327027,PETERSBURG 2 N ND US,466.3,48.0355,-98.01,20100718,567,796,203,07-Jul
199,GHCND:USC00327027,PETERSBURG 2 N ND US,466.3,48.0355,-98.01,20100719,567,797,213,07-Jul
200,GHCND:USC00327027,PETERSBURG 2 N ND US,466.3,48.0355,-98.01,20100720,567,798,223,07-Jul
201,GHCND:USC00327027,PETERSBURG 2 N ND US,466.3,48.0355,-98.01,20100721,567,799,233,07-Jul
202,GHCND:USC00327027,PETERSBURG 2 N ND US,466.3,48.0355,-98.01,20100722,567,800,243,07-Jul
203,GHCND:USC00327027,PETERSBURG 2 N ND US,466.3,48.0355,-98.01,20100723,567,800,252,07-Jul
204,GHCND:USC00327027,PETERSBURG 2 N ND US,466.3,48.0355,-98.01,20100724,567,801,261,07-Jul
205,GHCND:USC00327027,PETERSBURG 2 N ND US,466.3,48.0355,-98.01,20100725,566,802,270,07-Jul
206,GHCND:USC00327027,PETERSBURG 2 N ND US,466.3,48.0355,-98.01,20100726,566,802,279,07-Jul
207,GHCND:USC00327027,PETERSBURG 2 N ND US,466.3,48.0355,-98.01,20100727,566,803,287,07-Jul
208,GHCND:USC00327027,PETERSBURG 2 N ND US,466.3,48.0355,-98.01,20100728,566,803,296,07-Jul
209,GHCND:USC00327027,PETERSBURG 2 N ND US,466.3,48.0355,-98.01,20100729,565,804,304,07-Jul
210,GHCND:USC00327027,PETERSBURG 2 N ND US,466.3,48.0355,-98.01,20100730,565,804,313,07-Jul
211,GHCND:USC00327027,PETERSBURG 2 N ND US,466.3,48.0355,-98.01,20100731,564,805,322,07-Jul
212,GHCND:USC00327027,PETERSBURG 2 N ND US,466.3,48.0355,-98.01,20100801,564,805,9,08-Aug
213,GHCND:USC00327027,PETERSBURG 2 N ND US,466.3,48.0355,-98.01,20100802,563,805,18,08-Aug
214,GHCND:USC00327027,PETERSBURG 2 N ND US,466.3,48.0355,-98.01,20100803,563,805,27,08-Aug
215,GHCND:USC00327027,PETERSBURG 2 N ND US,466.3,48.0355,-98.01,20100804,562,805,36,08-Aug
216,GHCND:USC00327027,PETERSBURG 2 N ND US,466.3,48.0355,-98.01,20100805,561,805,45,08-Aug
217,GHCND:USC00327027,PETERSBURG 2 N ND US,466.3,48.0355,-98.01,20100806,560,804,53,08-Aug
218,GHCND:USC00327027,PETERSBURG 2 N ND US,466.3,48.0355,-98.01,20100807,559,804,62,08-Aug
219,GHCND:USC00327027,PETERSBURG 2 N ND US,466.3,48.0355,-98.01,20100808,558,804,70,08-Aug
220,GHCND:USC00327027,PETERSBURG 2 N ND US,466.3,48.0355,-98.01,20100809,557,803,79,08-Aug
221,GHCND:USC00327027,PETERSBURG 2 N ND US,466.3,48.0355,-98.01,20100810,556,802,88,08-Aug
222,GHCND:USC00327027,PETERSBURG 2 N ND US,466.3,48.0355,-98.01,20100811,555,801,98,08-Aug
223,GHCND:USC00327027,PETERSBURG 2 N ND US,466.3,48.0355,-98.01,20100812,553,800,107,08-Aug
224,GHCND:USC00327027,PETERSBURG 2 N ND US,466.3,48.0355,-98.01,20100813,552,799,116,08-Aug
225,GHCND:USC00327027,PETERSBURG 2 N ND US,466.3,48.0355,-98.01,20100814,550,798,125,08-Aug
226,GHCND:USC00327027,PETERSBURG 2 N ND US,466.3,48.0355,-98.01,20100815,548,796,134,08-Aug
227,GHCND:USC00327027,PETERSBURG 2 N ND US,466.3,48.0355,-98.01,20100816,546,795,143,08-Aug
228,GHCND:USC00327027,PETERSBURG 2 N ND US,466.3,48.0355,-98.01,20100817,544,793,152,08-Aug
229,GHCND:USC00327027,PETERSBURG 2 N ND US,466.3,48.0355,-98.01,20100818,542,791,161,08-Aug
230,GHCND:USC00327027,PETERSBURG 2 N ND US,466.3,48.0355,-98.01,20100819,540,789,170,08-Aug
231,GHCND:USC00327027,PETERSBURG 2 N ND US,466.3,48.0355,-98.01,20100820,538,787,179,08-Aug
232,GHCND:USC00327027,PETERSBURG 2 N ND US,466.3,48.0355,-98.01,20100821,535,784,188,08-Aug
233,GHCND:USC00327027,PETERSBURG 2 N ND US,466.3,48.0355,-98.01,20100822,533,782,197,08-Aug
234,GHCND:USC00327027,PETERSBURG 2 N ND US,466.3,48.0355,-98.01,20100823,530,779,206,08-Aug
235,GHCND:USC00327027,PETERSBURG 2 N ND US,466.3,48.0355,-98.01,20100824,527,777,216,08-Aug
236,GHCND:USC00327027,PETERSBURG 2 N ND US,466.3,48.0355,-98.01,20100825,524,774,225,08-Aug
237,GHCND:USC00327027,PETERSBURG 2 N ND US,466.3,48.0355,-98.01,20100826,521,770,234,08-Aug
238,GHCND:USC00327027,PETERSBURG 2 N ND US,466.3,48.0355,-98.01,20100827,518,767,242,08-Aug
239,GHCND:USC00327027,PETERSBURG 2 N ND US,466.3,48.0355,-98.01,20100828,515,764,250,08-Aug
240,GHCND:USC00327027,PETERSBURG 2 N ND US,466.3,48.0355,-98.01,20100829,511,760,259,08-Aug
241,GHCND:USC00327027,PETERSBURG 2 N ND US,466.3,48.0355,-98.01,20100830,508,757,267,08-Aug
242,GHCND:USC00327027,PETERSBURG 2 N ND US,466.3,48.0355,-98.01,20100831,504,753,275,08-Aug
243,GHCND:USC00327027,PETERSBURG 2 N ND US,466.3,48.0355,-98.01,20100901,501,749,8,09-Sep
244,GHCND:USC00327027,PETERSBURG 2 N ND US,466.3,48.0355,-98.01,20100902,497,745,16,09-Sep
245,GHCND:USC00327027,PETERSBURG 2 N ND US,466.3,48.0355,-98.01,20100903,493,741,23,09-Sep
246,GHCND:USC00327027,PETERSBURG 2 N ND US,466.3,48.0355,-98.01,20100904,489,737,31,09-Sep
247,GHCND:USC00327027,PETERSBURG 2 N ND US,466.3,48.0355,-98.01,20100905,485,733,39,09-Sep
248,GHCND:USC00327027,PETERSBURG 2 N ND US,466.3,48.0355,-98.01,20100906,481,729,46,09-Sep
249,GHCND:USC00327027,PETERSBURG 2 N ND US,466.3,48.0355,-98.01,20100907,476,725,54,09-Sep
250,GHCND:USC00327027,PETERSBURG 2 N ND US,466.3,48.0355,-98.01,20100908,472,720,61,09-Sep
251,GHCND:USC00327027,PETERSBURG 2 N ND US,466.3,48.0355,-98.01,20100909,468,716,68,09-Sep
252,GHCND:USC00327027,PETERSBURG 2 N ND US,466.3,48.0355,-98.01,20100910,463,711,75,09-Sep
253,GHCND:USC00327027,PETERSBURG 2 N ND US,466.3,48.0355,-98.01,20100911,459,707,82,09-Sep
254,GHCND:USC00327027,PETERSBURG 2 N ND US,466.3,48.0355,-98.01,20100912,454,702,89,09-Sep
255,GHCND:USC00327027,PETERSBURG 2 N ND US,466.3,48.0355,-98.01,20100913,450,697,96,09-Sep
256,GHCND:USC00327027,PETERSBURG 2 N ND US,466.3,48.0355,-98.01,20100914,445,693,103,09-Sep
257,GHCND:USC00327027,PETERSBURG 2 N ND US,466.3,48.0355,-98.01,20100915,441,688,109,09-Sep
258,GHCND:USC00327027,PETERSBURG 2 N ND US,466.3,48.0355,-98.01,20100916,436,684,116,09-Sep
259,GHCND:USC00327027,PETERSBURG 2 N ND US,466.3,48.0355,-98.01,20100917,431,679,122,09-Sep
260,GHCND:USC00327027,PETERSBURG 2 N ND US,466.3,48.0355,-98.01,20100918,427,674,129,09-Sep
261,GHCND:USC00327027,PETERSBURG 2 N ND US,466.3,48.0355,-98.01,20100919,422,669,135,09-Sep
262,GHCND:USC00327027,PETERSBURG 2 N ND US,466.3,48.0355,-98.01,20100920,418,665,142,09-Sep
263,GHCND:USC00327027,PETERSBURG 2 N ND US,466.3,48.0355,-98.01,20100921,413,660,148,09-Sep
264,GHCND:USC00327027,PETERSBURG 2 N ND US,466.3,48.0355,-98.01,20100922,409,655,154,09-Sep
265,GHCND:USC00327027,PETERSBURG 2 N ND US,466.3,48.0355,-98.01,20100923,404,650,161,09-Sep
266,GHCND:USC00327027,PETERSBURG 2 N ND US,466.3,48.0355,-98.01,20100924,400,646,168,09-Sep
267,GHCND:USC00327027,PETERSBURG 2 N ND US,466.3,48.0355,-98.01,20100925,395,641,174,09-Sep
268,GHCND:USC00327027,PETERSBURG 2 N ND US,466.3,48.0355,-98.01,20100926,391,636,181,09-Sep
269,GHCND:USC00327027,PETERSBURG 2 N ND US,466.3,48.0355,-98.01,20100927,387,631,188,09-Sep
270,GHCND:USC00327027,PETERSBURG 2 N ND US,466.3,48.0355,-98.01,20100928,382,627,195,09-Sep
271,GHCND:USC00327027,PETERSBURG 2 N ND US,466.3,48.0355,-98.01,20100929,378,622,202,09-Sep
272,GHCND:USC00327027,PETERSBURG 2 N ND US,466.3,48.0355,-98.01,20100930,374,617,208,09-Sep
273,GHCND:USC00327027,PETERSBURG 2 N ND US,466.3,48.0355,-98.01,20101001,370,612,7,10-Oct
274,GHCND:USC00327027,PETERSBURG 2 N ND US,466.3,48.0355,-98.01,20101002,366,607,13,10-Oct
275,GHCND:USC00327027,PETERSBURG 2 N ND US,466.3,48.0355,-98.01,20101003,361,602,20,10-Oct
276,GHCND:USC00327027,PETERSBURG 2 N ND US,466.3,48.0355,-98.01,20101004,357,597,27,10-Oct
277,GHCND:USC00327027,PETERSBURG 2 N ND US,466.3,48.0355,-98.01,20101005,353,592,33,10-Oct
278,GHCND:USC00327027,PETERSBURG 2 N ND US,466.3,48.0355,-98.01,20101006,349,587,40,10-Oct
279,GHCND:USC00327027,PETERSBURG 2 N ND US,466.3,48.0355,-98.01,20101007,346,582,46,10-Oct
280,GHCND:USC00327027,PETERSBURG 2 N ND US,466.3,48.0355,-98.01,20101008,342,577,53,10-Oct
281,GHCND:USC00327027,PETERSBURG 2 N ND US,466.3,48.0355,-98.01,20101009,338,572,58,10-Oct
282,GHCND:USC00327027,PETERSBURG 2 N ND US,466.3,48.0355,-98.01,20101010,334,567,64,10-Oct
283,GHCND:USC00327027,PETERSBURG 2 N ND US,466.3,48.0355,-98.01,20101011,330,562,70,10-Oct
284,GHCND:USC00327027,PETERSBURG 2 N ND US,466.3,48.0355,-98.01,20101012,326,556,76,10-Oct
285,GHCND:USC00327027,PETERSBURG 2 N ND US,466.3,48.0355,-98.01,20101013,322,551,82,10-Oct
286,GHCND:USC00327027,PETERSBURG 2 N ND US,466.3,48.0355,-98.01,20101014,318,545,88,10-Oct
287,GHCND:USC00327027,PETERSBURG 2 N ND US,466.3,48.0355,-98.01,20101015,315,540,94,10-Oct
288,GHCND:USC00327027,PETERSBURG 2 N ND US,466.3,48.0355,-98.01,20101016,311,534,100,10-Oct
289,GHCND:USC00327027,PETERSBURG 2 N ND US,466.3,48.0355,-98.01,20101017,307,528,106,10-Oct
290,GHCND:USC00327027,PETERSBURG 2 N ND US,466.3,48.0355,-98.01,20101018,303,522,112,10-Oct
291,GHCND:USC00327027,PETERSBURG 2 N ND US,466.3,48.0355,-98.01,20101019,299,516,117,10-Oct
292,GHCND:USC00327027,PETERSBURG 2 N ND US,466.3,48.0355,-98.01,20101020,295,511,123,10-Oct
293,GHCND:USC00327027,PETERSBURG 2 N ND US,466.3,48.0355,-98.01,20101021,291,504,128,10-Oct
294,GHCND:USC00327027,PETERSBURG 2 N ND US,466.3,48.0355,-98.01,20101022,287,498,133,10-Oct
295,GHCND:USC00327027,PETERSBURG 2 N ND US,466.3,48.0355,-98.01,20101023,283,492,137,10-Oct
296,GHCND:USC00327027,PETERSBURG 2 N ND US,466.3,48.0355,-98.01,20101024,279,486,141,10-Oct
297,GHCND:USC00327027,PETERSBURG 2 N ND US,466.3,48.0355,-98.01,20101025,274,479,145,10-Oct
298,GHCND:USC00327027,PETERSBURG 2 N ND US,466.3,48.0355,-98.01,20101026,270,473,149,10-Oct
299,GHCND:USC00327027,PETERSBURG 2 N ND US,466.3,48.0355,-98.01,20101027,266,466,154,10-Oct
300,GHCND:USC00327027,PETERSBURG 2 N ND US,466.3,48.0355,-98.01,20101028,261,460,158,10-Oct
301,GHCND:USC00327027,PETERSBURG 2 N ND US,466.3,48.0355,-98.01,20101029,257,453,161,10-Oct
302,GHCND:USC00327027,PETERSBURG 2 N ND US,466.3,48.0355,-98.01,20101030,252,447,165,10-Oct
303,GHCND:USC00327027,PETERSBURG 2 N ND US,466.3,48.0355,-98.01,20101031,248,440,169,10-Oct
304,GHCND:USC00327027,PETERSBURG 2 N ND US,466.3,48.0355,-98.01,20101101,243,433,3,11-Nov
305,GHCND:USC00327027,PETERSBURG 2 N ND US,466.3,48.0355,-98.01,20101102,238,426,6,11-Nov
306,GHCND:USC00327027,PETERSBURG 2 N ND US,466.3,48.0355,-98.01,20101103,233,419,9,11-Nov
307,GHCND:USC00327027,PETERSBURG 2 N ND US,466.3,48.0355,-98.01,20101104,228,413,12,11-Nov
308,GHCND:USC00327027,PETERSBURG 2 N ND US,466.3,48.0355,-98.01,20101105,223,406,15,11-Nov
309,GHCND:USC00327027,PETERSBURG 2 N ND US,466.3,48.0355,-98.01,20101106,218,399,18,11-Nov
310,GHCND:USC00327027,PETERSBURG 2 N ND US,466.3,48.0355,-98.01,20101107,213,392,21,11-Nov
311,GHCND:USC00327027,PETERSBURG 2 N ND US,466.3,48.0355,-98.01,20101108,207,385,24,11-Nov
312,GHCND:USC00327027,PETERSBURG 2 N ND US,466.3,48.0355,-98.01,20101109,202,378,27,11-Nov
313,GHCND:USC00327027,PETERSBURG 2 N ND US,466.3,48.0355,-98.01,20101110,197,371,30,11-Nov
314,GHCND:USC00327027,PETERSBURG 2 N ND US,466.3,48.0355,-98.01,20101111,191,365,32,11-Nov
315,GHCND:USC00327027,PETERSBURG 2 N ND US,466.3,48.0355,-98.01,20101112,186,358,35,11-Nov
316,GHCND:USC00327027,PETERSBURG 2 N ND US,466.3,48.0355,-98.01,20101113,180,351,38,11-Nov
317,GHCND:USC00327027,PETERSBURG 2 N ND US,466.3,48.0355,-98.01,20101114,175,344,41,11-Nov
318,GHCND:USC00327027,PETERSBURG 2 N ND US,466.3,48.0355,-98.01,20101115,169,338,43,11-Nov
319,GHCND:USC00327027,PETERSBURG 2 N ND US,466.3,48.0355,-98.01,20101116,163,331,46,11-Nov
320,GHCND:USC00327027,PETERSBURG 2 N ND US,466.3,48.0355,-98.01,20101117,157,325,49,11-Nov
321,GHCND:USC00327027,PETERSBURG 2 N ND US,466.3,48.0355,-98.01,20101118,152,318,51,11-Nov
322,GHCND:USC00327027,PETERSBURG 2 N ND US,466.3,48.0355,-98.01,20101119,146,312,54,11-Nov
323,GHCND:USC00327027,PETERSBURG 2 N ND US,466.3,48.0355,-98.01,20101120,140,306,57,11-Nov
324,GHCND:USC00327027,PETERSBURG 2 N ND US,466.3,48.0355,-98.01,20101121,134,300,60,11-Nov
325,GHCND:USC00327027,PETERSBURG 2 N ND US,466.3,48.0355,-98.01,20101122,129,294,62,11-Nov
326,GHCND:USC00327027,PETERSBURG 2 N ND US,466.3,48.0355,-98.01,20101123,123,288,65,11-Nov
327,GHCND:USC00327027,PETERSBURG 2 N ND US,466.3,48.0355,-98.01,20101124,117,282,67,11-Nov
328,GHCND:USC00327027,PETERSBURG 2 N ND US,466.3,48.0355,-98.01,20101125,112,276,70,11-Nov
329,GHCND:USC00327027,PETERSBURG 2 N ND US,466.3,48.0355,-98.01,20101126,106,271,72,11-Nov
330,GHCND:USC00327027,PETERSBURG 2 N ND US,466.3,48.0355,-98.01,20101127,100,265,74,11-Nov
331,GHCND:USC00327027,PETERSBURG 2 N ND US,466.3,48.0355,-98.01,20101128,95,260,77,11-Nov
332,GHCND:USC00327027,PETERSBURG 2 N ND US,466.3,48.0355,-98.01,20101129,89,254,79,11-Nov
333,GHCND:USC00327027,PETERSBURG 2 N ND US,466.3,48.0355,-98.01,20101130,84,249,81,11-Nov
334,GHCND:USC00327027,PETERSBURG 2 N ND US,466.3,48.0355,-98.01,20101201,78,244,3,12-Dec
335,GHCND:USC00327027,PETERSBURG 2 N ND US,466.3,48.0355,-98.01,20101202,73,239,5,12-Dec
336,GHCND:USC00327027,PETERSBURG 2 N ND US,466.3,48.0355,-98.01,20101203,68,234,8,12-Dec
337,GHCND:USC00327027,PETERSBURG 2 N ND US,466.3,48.0355,-98.01,20101204,63,230,11,12-Dec
338,GHCND:USC00327027,PETERSBURG 2 N ND US,466.3,48.0355,-98.01,20101205,58,225,13,12-Dec
339,GHCND:USC00327027,PETERSBURG 2 N ND US,466.3,48.0355,-98.01,20101206,53,221,16,12-Dec
340,GHCND:USC00327027,PETERSBURG 2 N ND US,466.3,48.0355,-98.01,20101207,48,216,19,12-Dec
341,GHCND:USC00327027,PETERSBURG 2 N ND US,466.3,48.0355,-98.01,20101208,44,212,22,12-Dec
342,GHCND:USC00327027,PETERSBURG 2 N ND US,466.3,48.0355,-98.01,20101209,39,208,24,12-Dec
343,GHCND:USC00327027,PETERSBURG 2 N ND US,466.3,48.0355,-98.01,20101210,34,204,27,12-Dec
344,GHCND:USC00327027,PETERSBURG 2 N ND US,466.3,48.0355,-98.01,20101211,30,200,30,12-Dec
345,GHCND:USC00327027,PETERSBURG 2 N ND US,466.3,48.0355,-98.01,20101212,26,196,32,12-Dec
346,GHCND:USC00327027,PETERSBURG 2 N ND US,466.3,48.0355,-98.01,20101213,22,193,35,12-Dec
347,GHCND:USC00327027,PETERSBURG 2 N ND US,466.3,48.0355,-98.01,20101214,18,189,37,12-Dec
348,GHCND:USC00327027,PETERSBURG 2 N ND US,466.3,48.0355,-98.01,20101215,14,186,39,12-Dec
349,GHCND:USC00327027,PETERSBURG 2 N ND US,466.3,48.0355,-98.01,20101216,10,182,41,12-Dec
350,GHCND:USC00327027,PETERSBURG 2 N ND US,466.3,48.0355,-98.01,20101217,7,179,44,12-Dec
351,GHCND:USC00327027,PETERSBURG 2 N ND US,466.3,48.0355,-98.01,20101218,3,176,46,12-Dec
352,GHCND:USC00327027,PETERSBURG 2 N ND US,466.3,48.0355,-98.01,20101219,0,173,48,12-Dec
353,GHCND:USC00327027,PETERSBURG 2 N ND US,466.3,48.0355,-98.01,20101220,-4,170,50,12-Dec
354,GHCND:USC00327027,PETERSBURG 2 N ND US,466.3,48.0355,-98.01,20101221,-7,168,52,12-Dec
355,GHCND:USC00327027,PETERSBURG 2 N ND US,466.3,48.0355,-98.01,20101222,-10,165,53,12-Dec
356,GHCND:USC00327027,PETERSBURG 2 N ND US,466.3,48.0355,-98.01,20101223,-13,162,55,12-Dec
357,GHCND:USC00327027,PETERSBURG 2 N ND US,466.3,48.0355,-98.01,20101224,-15,160,58,12-Dec
358,GHCND:USC00327027,PETERSBURG 2 N ND US,466.3,48.0355,-98.01,20101225,-18,158,60,12-Dec
359,GHCND:USC00327027,PETERSBURG 2 N ND US,466.3,48.0355,-98.01,20101226,-21,156,62,12-Dec
360,GHCND:USC00327027,PETERSBURG 2 N ND US,466.3,48.0355,-98.01,20101227,-23,154,64,12-Dec
361,GHCND:USC00327027,PETERSBURG 2 N ND US,466.3,48.0355,-98.01,20101228,-25,152,67,12-Dec
362,GHCND:USC00327027,PETERSBURG 2 N ND US,466.3,48.0355,-98.01,20101229,-27,150,69,12-Dec
363,GHCND:USC00327027,PETERSBURG 2 N ND US,466.3,48.0355,-98.01,20101230,-29,148,71,12-Dec
